chain_id,res_no,res,total,relative_total,apolar,relative_apolar,polar,relative_polar,side_chain,relative_side_chain,main_chain,relative_main_chain,aa
F,2,VAL,152.46299944318636,1.003244057663923,97.33970996461562,0.845770353328835,55.12328947857074,1.4950715887868387,87.8761270513891,0.7955470491706419,64.58687239179726,1.5563101781155966,V
F,3,GLN,56.07084408837588,0.3135427170406301,25.686867907329123,0.5467617689938086,30.38397618104675,0.23044350535492417,50.58818685481343,0.36971560955063526,5.482657233562449,0.13053945794196306,Q
F,4,LEU,16.665872567140333,0.09281506219169265,1.3519404161752169,0.009494630354485688,15.313932150965115,0.41210796961692997,1.3519404161752169,0.009671915983511352,15.313932150965115,0.3849656146547289,L
F,5,GLN,123.73826170531837,0.6919323475105875,30.667800227742664,0.6527841683214701,93.07046147757569,0.7058813915629556,116.87506299606241,0.8541625593514756,6.863198709255947,0.16340949307752256,Q
F,6,GLU,48.542180656865916,0.27868975001071256,6.759702080876084,0.13074858957207125,41.782478575989835,0.34113715362499863,14.754326534766474,0.11162298785570035,33.787854122099446,0.804472717192844,E
F,7,SER,61.00440119157328,0.5155011085987263,48.66985498230781,1.0364108812246127,12.334546209265472,0.17280115171288138,50.18887786217155,0.6698101943436747,10.815523329401735,0.24914819924906095,S
F,8,GLY,55.18461336716881,0.6805353726374251,29.742689155854773,0.8162099109729631,25.441924211314035,0.5698079330641441,0.0,,55.18461336716881,0.6805353726374251,G
F,9,GLY,22.286420585454145,0.2748356219688512,1.1385257440315553,0.0312438458845103,21.14789484142259,0.4736370625178632,0.0,,22.286420585454145,0.2748356219688512,G
F,10,GLY,31.874749859769405,0.3930786762827649,28.390748739679555,0.779109460474192,3.4840011200898515,0.07802914042754427,0.0,,31.874749859769405,0.3930786762827649,G
F,11,LEU,146.60063675514044,0.8164437333211207,118.97075662341909,0.8355274711947406,27.629880131721343,0.7435382166771083,118.97075662341909,0.851128606548999,27.629880131721343,0.6945671224665999,L
F,12,VAL,28.177334067535895,0.18541379264023095,28.177334067535895,0.24482869117678246,0.0,0.0,18.927165826453038,0.17134859520598442,9.250168241082857,0.2228956202670568,V
F,13,GLN,133.84923889985544,0.7484719504549316,34.29679213198099,0.7300296324389314,99.55244676787444,0.7550432064305987,130.3652377797656,0.9527533273387824,3.4840011200898515,0.08295240762118694,Q
F,14,ALA,52.675825438606296,0.48433087016004317,29.52927448371111,0.41584670446009164,23.14655095489519,0.6131536676793428,28.390748739679555,0.43812883857530177,24.285076698926744,0.5524357756807722,A
F,15,GLY,58.02507808172671,0.7155639176436887,30.881214899886327,0.8474537568574734,27.14386318184038,0.6079252672304677,0.0,,58.02507808172671,0.7155639176436887,G
F,16,GLY,26.848201614025736,0.33109139985233366,25.68686790732912,0.7049085594766499,1.1613337066966172,0.02600971347584809,0.0,,26.848201614025736,0.33109139985233366,G
F,17,SER,61.120062066707845,0.5164784693823546,22.982987074978688,0.48941624946717815,38.13707499172916,0.5342823618902937,41.4848063888769,0.5536474895085666,19.635255677830948,0.45232102459873186,S
F,18,LEU,28.39074873967955,0.1581128800383134,28.39074873967955,0.19938723744419942,0.0,0.0,24.334927491153902,0.17409448770320432,4.055821248525651,0.10195629081261062,L
F,19,ARG,126.41558979656065,0.5307788125983989,37.64091698076241,0.5144310097138501,88.77467281579825,0.538028320095747,120.09561015622222,0.6122017135964838,6.319979640338429,0.15047570572234356,R
F,20,LEU,0.0,0.0,0.0,0.0,0.0,0.0,0.0,0.0,0.0,0.0,L
F,21,SER,17.362552154000404,0.14671752707453442,8.111642497051301,0.17273514687076877,9.250909656949105,0.12960086378466104,17.362552154000404,0.23171696455358873,0.0,0.0,S
F,22,CYS,1.3519404161752169,0.010226478185894228,1.3519404161752169,0.03425235409615447,0.0,0.0,1.3519404161752169,0.01507852349068946,0.0,0.0,C
F,23,THR,58.73597023375162,0.4177522776227,39.20627206908129,0.526612116441656,19.529698164670332,0.2952335323457344,58.73597023375162,0.595457930188074,0.0,0.0,T
F,24,ALA,9.993280567362987,0.09188378601841657,0.0,0.0,9.993280567362987,0.2647226640361056,0.0,0.0,9.993280567362987,0.22732667350689234,A
F,25,SER,80.54058360348061,0.6805863072797077,39.20627206908129,0.8348865432087156,41.33431153439933,0.5790741318912768,32.882019862733976,0.43883651224788434,47.658563740746644,1.0978706229151496,S
F,26,ARG,134.16914099658518,0.5633335054649418,63.32778488809153,0.8654883816877345,70.84135610849364,0.4293415521726887,126.05749849953386,0.6425931513459442,8.111642497051301,0.19313434516788813,R
F,27,ARG,103.75300747313628,0.4356258448718826,32.019740643917885,0.4376074982085265,71.73326682921841,0.43474707169223276,83.11842373856904,0.4237060903225215,20.63458373456725,0.49129961272779166,R
F,28,THR,45.85051433675264,0.3261060763638168,14.871344577927385,0.1997494234778695,30.97916975882526,0.46831700315684444,13.519404161752169,0.13705803083690357,32.331110175000475,0.7705221681363316,T
F,29,GLY,35.4510258392805,0.43718122874929705,30.454385555599004,0.8357405476289519,4.996640283681494,0.11190683726050378,0.0,,35.4510258392805,0.43718122874929705,G
F,30,SER,85.6354929053664,0.7236394533155857,44.614033733782165,0.9500433077892284,41.02145917158424,0.5746912184307122,73.45033570996443,0.98025271199739,12.18515719540197,0.28069931341630894,S
F,31,ASN,49.404296512864036,0.3406957900342324,2.490466160206772,0.059939017092822434,46.913830352657264,0.45344896919251176,49.404296512864036,0.47742845489818353,0.0,0.0,N
F,32,TRP,1.2548275040674497,0.00503562544270416,1.2548275040674497,0.006690629187243133,0.0,0.0,1.2548275040674497,0.006073705247180298,0.0,0.0,W
F,33,CYS,1.3519404161752169,0.010226478185894228,1.3519404161752169,0.03425235409615447,0.0,0.0,1.3519404161752169,0.01507852349068946,0.0,0.0,C
F,34,MET,2.7038808323504337,0.01400249006913741,2.7038808323504337,0.022988274378085646,0.0,0.0,1.3519404161752169,0.008947322410160271,1.3519404161752169,0.03218905752798135,M
F,35,GLY,5.8352695930013665,0.0719604093353233,1.3519404161752169,0.037100450498771045,4.4833291768261505,0.10041050787964503,0.0,,5.8352695930013665,0.0719604093353233,G
F,36,TRP,1.2548275040674497,0.00503562544270416,1.2548275040674497,0.006690629187243133,0.0,0.0,1.2548275040674497,0.006073705247180298,0.0,0.0,W
F,37,PHE,0.0,0.0,0.0,0.0,0.0,0.0,0.0,0.0,0.0,0.0,F
F,38,ARG,19.74267301384249,0.08289319819390559,0.0,0.0,19.74267301384249,0.11965256372025752,19.74267301384249,0.10064063319489469,0.0,0.0,R
F,39,GLN,50.97294399028388,0.28503575457296804,2.2770514880631105,0.04846852890726076,48.69589250222077,0.36932796740402557,50.97294399028388,0.37252754505798347,0.0,0.0,Q
F,40,LEU,41.91015290143172,0.2334047276756055,41.91015290143172,0.2943335409890563,0.0,0.0,41.91015290143172,0.2998293954888519,0.0,0.0,L
F,41,ALA,109.01760047742775,1.0023685222271768,79.55106988219414,1.1202798180846942,29.466530595233614,0.7805703468936057,70.30090164111128,1.0848904574245568,38.716698836316475,0.88072563321921,A
F,42,GLY,89.61568973553483,1.105138608158032,44.18720438949483,1.212601657230923,45.428485346040006,1.0174352821061592,0.0,,89.61568973553483,1.105138608158032,G
F,43,LYS,135.73731095192164,0.6621978288219419,90.58000788373954,0.8153016011137673,45.15730306818214,0.4810108976159154,125.03880566568084,0.7672033725959065,10.698505286240824,0.2547263163390672,K
F,44,GLU,112.48192266113551,0.6457797833341113,49.38155138205204,0.9551557327282792,63.100371279083475,0.5151891841858546,111.48259460439922,0.8434149992767379,0.9993280567362988,0.023793525160388067,E
F,45,PRO,35.386045136833644,0.2578969837244635,28.39074873967955,0.23440182248744676,6.995296397154091,0.4347604970263574,28.39074873967955,0.2588035436616185,6.995296397154091,0.2542819482789564,P
F,46,GLU,60.225110284294416,0.3457636369519716,19.852276898340932,0.3839898819795151,40.372833385953484,0.3296279669003387,60.225110284294416,0.45562952250184907,0.0,0.0,E
F,47,LEU,10.698505286240824,0.05958178484206295,2.7038808323504337,0.018989260708971376,7.99462445389039,0.21514059348467143,2.7038808323504337,0.019343831967022704,7.99462445389039,0.200970951580955,L
F,48,VAL,0.0,0.0,0.0,0.0,0.0,0.0,0.0,0.0,0.0,0.0,V
F,49,VAL,0.0,0.0,0.0,0.0,0.0,0.0,0.0,0.0,0.0,0.0,V
F,50,ALA,2.7038808323504337,0.024860985953939256,2.7038808323504337,0.038077465601329866,0.0,0.0,2.7038808323504337,0.04172655605479065,0.0,0.0,A
F,51,LEU,5.4077616647008675,0.03011673905491684,5.4077616647008675,0.03797852141794275,0.0,0.0,5.4077616647008675,0.03868766393404541,0.0,0.0,L
F,52,ASN,8.347236813329307,0.05756318056223231,1.3519404161752169,0.03253767547954794,6.995296397154091,0.06761353563845052,8.347236813329307,0.08066521852850123,0.0,0.0,N
F,53,PHE,11.991936680835584,0.05999568081266552,0.0,0.0,11.991936680835584,0.34321513110576946,0.0,0.0,11.991936680835584,0.31204623161164674,F
F,54,ASP,71.21771890839369,0.498863259375131,19.852276898340932,0.46722233227443943,51.365442010052774,0.5122712876239431,32.47951901195606,0.32327579388828565,38.73819989643764,0.9160132394522971,D
F,55,TYR,133.7584468721667,0.6244850220466255,75.42630952447814,0.5668167845831378,58.33213734768858,0.719084533378804,119.57014736898282,0.6803035239473306,14.188299503183895,0.36919852987728063,Y
F,56,ASP,108.90872544242495,0.762879836385717,32.73143704366211,0.7703327146072514,76.17728839876284,0.7597216355715851,90.7816227338763,0.9035694509194416,18.127102708548634,0.42863803992784666,D
F,57,MET,108.09520374159257,0.5597887298891381,68.94896122493606,0.586200996641184,39.14624251665651,0.5186306639726617,105.39132290924213,0.6974938643894252,2.7038808323504337,0.0643781150559627,M
F,58,THR,62.38353523375797,0.4436951296853341,16.223284994102602,0.21790846197585764,46.16025023965537,0.697811795006128,35.752983158772935,0.36245927776533793,26.63055207498504,0.634665206744162,T
F,59,TYR,93.87286194041438,0.43826911592704787,57.89710216339009,0.4350875641646509,35.975759777024294,0.443488162931759,91.16898110806395,0.5187129102643602,2.7038808323504337,0.07035859568957673,Y
F,60,TYR,36.97364270113995,0.17262076988253397,23.72542081724565,0.1782927843784899,13.248221883894299,0.16331634472256285,32.976330474194754,0.1876213613688823,3.997312226945195,0.1040154105372156,Y
F,61,ALA,12.167463745576951,0.11187443679272666,12.167463745576951,0.17134859520598436,0.0,0.0,12.167463745576951,0.1877695022465579,0.0,0.0,A
F,62,ASP,139.11394500148242,0.9744602479790028,37.00067296433143,0.8708089659762633,102.113272037151,1.0183830860392042,112.96810297383446,1.1243963668143173,26.145842027647976,0.6182511711432485,D
F,63,SER,66.02029315503597,0.5578865400966365,48.66985498230781,1.0364108812246127,17.350438172728165,0.24307142298582468,45.049483608310936,0.6012209209703848,20.970809546725043,0.4830870662687179,S
F,64,VAL,0.0,0.0,0.0,0.0,0.0,0.0,0.0,0.0,0.0,0.0,V
F,65,LYS,126.64142004287129,0.6178233000432788,71.6528420572865,0.6449400725228309,54.98857798558481,0.5857326159521178,107.65418696488163,0.6605361821381865,18.987233077989675,0.45207697804737323,K
F,66,GLY,79.99652258773193,0.9865152619032178,43.048678645463276,1.1813578113464127,36.94784394226866,0.8274993044181111,0.0,,79.99652258773193,0.9865152619032178,G
F,67,ARG,33.25529133546291,0.1396283802975308,31.094629572029987,0.4249641871262811,2.160661763432916,0.01309491977838131,29.552082446376172,0.15064526913583207,3.7032088890867323,0.08817164021635077,R
F,68,PHE,3.997312226945195,0.019998560270888508,0.0,0.0,3.997312226945195,0.11440504370192316,0.0,0.0,3.997312226945195,0.1040154105372156,F
F,69,THR,72.6065793214339,0.5164052583316778,50.02179539848303,0.6718844244255612,22.584783922950873,0.341417746378698,71.6072512646976,0.7259453696745498,0.9993280567362988,0.02381620726254287,T
F,70,VAL,5.995968340417792,0.03945494729497791,0.0,0.0,5.995968340417792,0.16262458205635455,0.0,0.0,5.995968340417792,0.1444811648293444,V
F,71,SER,57.43972397213925,0.485378772791442,33.79851040438042,0.7197297786282032,23.64121356775882,0.3312022074496893,56.08778355596402,0.7485357474438011,1.3519404161752169,0.03114352490613262,S
F,72,ARG,78.99568656652193,0.3316777367700463,18.713751154309374,0.25575715668046156,60.28193541221255,0.36534506310431847,62.84443200878083,0.32035699652740396,16.151254557741098,0.3845536799462166,R
F,73,ASP,65.49588594292815,0.45878317415892517,2.490466160206772,0.05861299506252699,63.00541978272138,0.6283576322202192,39.99806651512145,0.39810955026496914,25.497819427806707,0.6029278654009625,D
F,74,SER,73.71373940441202,0.6228979162110193,43.04867864546328,0.9167095111895929,30.665060758948737,0.4296029806521258,63.87536448761224,0.8524671625198483,9.838374916799781,0.2266384454457448,S
F,75,GLY,81.3256550412421,1.0029060925051436,45.53914480567005,1.2497021077296941,35.786510235572045,0.8014895909422631,0.0,,81.3256550412421,1.0029060925051436,G
F,76,LYS,119.56480666147169,0.5832998666283135,68.7355465527924,0.618681787153847,50.82926010867929,0.5414279943404271,94.51599622208667,0.5799238938648097,25.048810439385036,0.5964002485567865,K
F,77,ASN,31.24311380720926,0.21545489143651653,18.927165826453034,0.4555274567136711,12.31594798075622,0.11904067253775587,26.21656556146559,0.25334910670144556,5.026548245743668,0.12103414990955136,N
F,78,THR,9.519277067789357,0.06770467331286883,5.4077616647008675,0.07263615399195254,4.11151540308849,0.062154427862259866,9.519277067789357,0.09650524196866744,0.0,0.0,T
F,79,VAL,0.0,0.0,0.0,0.0,0.0,0.0,0.0,0.0,0.0,0.0,V
F,80,TYR,37.85605324568024,0.17674052591474973,21.409991633326285,0.16089270033310504,16.44606161235396,0.20273744591166126,37.85605324568024,0.21538491832999684,0.0,0.0,Y
F,81,LEU,0.0,0.0,0.0,0.0,0.0,0.0,0.0,0.0,0.0,0.0,L
F,82,GLN,61.35548045379724,0.3430938905876936,36.07556189244353,0.7678919091622719,25.279918561353718,0.19173241229695653,61.35548045379724,0.4484066392881476,0.0,0.0,Q
F,83,MET,0.0,0.0,0.0,0.0,0.0,0.0,0.0,0.0,0.0,0.0,M
F,84,ASN,57.00785551323557,0.39313051178012254,16.009870321958942,0.3853157718883019,40.997985191276626,0.396268946368419,57.00785551323557,0.5509069918171199,0.0,0.0,N
F,85,SER,61.900986602166576,0.5230774598797243,25.68686790732912,0.5469946317574343,36.21411869483745,0.5073426547329428,58.578991132037046,0.781782879114334,3.321995470129533,0.07652604169844582,S
F,86,LEU,3.997312226945195,0.022261707657302267,0.0,0.0,3.997312226945195,0.10757029674233572,0.0,0.0,3.997312226945195,0.1004854757904775,L
F,87,LYS,90.89446874199326,0.4434309139525479,35.15045082055564,0.31638569595459626,55.744017921437624,0.5937794836113935,89.54252832581804,0.5494080766095106,1.3519404161752169,0.03218905752798135,K
F,88,PRO,80.29418220847427,0.5851919117300071,70.30090164111128,0.5804235604451063,9.993280567362987,0.6210864243233678,70.30090164111128,0.6408468700192459,9.993280567362987,0.36325992611279484,P
F,89,GLU,117.71413212835378,0.6758188777606716,47.10449989398893,0.9111121836361494,70.60963223436487,0.5764992834288444,108.30905823670773,0.8194057969186542,9.405073891646062,0.22393033075347765,E
F,90,ASP,5.164388765012574,0.036175320573077714,1.1385257440315553,0.026795145776219234,4.025863020981019,0.04015022460338106,5.164388765012574,0.05140229685490767,0.0,0.0,D
F,91,THR,47.83197965522479,0.3401990018152546,20.279106242628252,0.27238557746982206,27.55287341259654,0.4165211400241351,40.8366832580707,0.4139971944248854,6.995296397154091,0.16671345083780006,T
F,92,ALA,2.7038808323504337,0.024860985953939256,2.7038808323504337,0.038077465601329866,0.0,0.0,0.0,0.0,2.7038808323504337,0.06150775323818093,A
F,93,ILE,47.12730785665399,0.2681802074583395,45.965974149957376,0.33100002988375726,1.1613337066966172,0.03151516164712665,45.965974149957376,0.3424418844517424,1.1613337066966172,0.02799068948413153,I
F,94,TYR,1.0278788507721226,0.004798911484066122,0.0,0.0,1.0278788507721226,0.012671090369478829,1.0278788507721226,0.005848195555144075,0.0,0.0,Y
F,95,TYR,42.114720848662884,0.19662318898484002,18.473507280904062,0.13882548493953606,23.64121356775882,0.2914350784980131,42.114720848662884,0.23961493427778155,0.0,0.0,Y
F,96,CYS,0.0,0.0,0.0,0.0,0.0,0.0,0.0,0.0,0.0,0.0,C
F,97,ALA,0.0,0.0,0.0,0.0,0.0,0.0,0.0,0.0,0.0,0.0,A
F,98,ALA,2.7038808323504337,0.024860985953939256,2.7038808323504337,0.038077465601329866,0.0,0.0,2.7038808323504337,0.04172655605479065,0.0,0.0,A
F,99,ARG,33.67867749420189,0.1414060439778389,0.0,0.0,33.67867749420189,0.20411319693455693,33.67867749420189,0.1716810801559968,0.0,0.0,R
F,100,SER,33.43604601037985,0.28254221742758023,4.055821248525651,0.08636757343538438,29.380224761854198,0.41160303673093585,18.446125159335367,0.24617810168604518,14.98992085104448,0.3453103167713541,S
F,101,GLY,50.96417266359505,0.6284889957281422,22.982987074978688,0.6307076584791078,27.981185588616363,0.6266782886588211,0.0,,50.96417266359505,0.6284889957281422,G
F,102,GLY,13.519404161752169,0.1667209786872878,13.519404161752169,0.3710045049877105,0.0,0.0,0.0,,13.519404161752169,0.1667209786872878,G
F,103,PHE,83.17263506139939,0.41611284301280466,53.86811011612609,0.32659215542698006,29.304524945273297,0.8387099297445134,53.86811011612609,0.3336519672723821,29.304524945273297,0.7625429337828076,F
F,104,SER,24.770377365682677,0.20931534025420548,17.57522541027782,0.37425948488666566,7.195151955404858,0.10080067183251414,15.30679445245616,0.20428125520427276,9.463582913226519,0.21800467434292836,S
F,105,SER,74.59432782521324,0.6303390892784624,40.55821248525651,0.8636757343538439,34.03611533995672,0.47682985906355735,62.143668351471085,0.8293563105761521,12.450659473742151,0.28681546818111386,S
F,106,ASN,71.67507196690332,0.4942767530991195,17.361810738134157,0.4178534473678498,54.31326122876915,0.5249686954259536,68.00046413733486,0.6571362981961235,3.6746078295684512,0.08848080494987842,N
F,107,ARG,128.04649107400402,0.5376264478062058,38.35261338050664,0.5241576244431685,89.6938776934974,0.543599258748469,98.78758205406086,0.5035814959171171,29.258909019943175,0.696640690951028,R
F,108,GLU,90.07855943074415,0.5171578793819276,16.223284994102602,0.313796614972971,73.85527443664154,0.6029986482416846,61.818350149006555,0.46768308480107845,28.260209281737595,0.6728621257556571,E
F,109,LEU,110.50650176692886,0.6154293927763915,109.50717371019257,0.7690650587133407,0.9993280567362988,0.02689257418558393,108.15523329401735,0.7737532786809082,2.3512684729115154,0.059106799218489575,L
F,110,TYR,22.25921439307406,0.10392275266386881,5.213535840485333,0.03917889712546279,17.045678552588726,0.21012917347865784,7.269293542029578,0.04135920312943547,14.98992085104448,0.39005778951455844,Y
F,111,ASP,56.928775342959405,0.39877259276379523,14.871344577927387,0.3499963421493854,42.05743076503202,0.41944181475049386,27.47863129500691,0.27350085891317716,29.45014404795249,0.6963855296276305,D
F,112,GLY,2.513274122871834,0.030993638215215613,1.3519404161752169,0.037100450498771045,1.1613337066966172,0.02600971347584809,0.0,,2.513274122871834,0.030993638215215613,G
F,113,TRP,106.30531274313631,0.42660344613803247,61.417432660926046,0.3274723149076302,44.88788008221028,0.7282264776477981,75.35343714128545,0.364731060703221,30.951875601850872,0.7267404461575692,W
F,114,GLY,4.702536945823031,0.05799157659172562,2.7038808323504337,0.07420090099754209,1.9986561134725975,0.04476273490420151,0.0,,4.702536945823031,0.05799157659172562,G
F,115,GLN,161.9933726162282,0.9058512140928715,61.54901512762899,1.3101110073995104,100.44435748859921,0.7618077928600623,142.30091481936068,1.0399832991256353,19.692457796867515,0.4688680427825599,Q
F,116,GLY,16.98857696451708,0.20950273726127858,0.0,0.0,16.98857696451708,0.3804832466857129,0.0,,16.98857696451708,0.20950273726127858,G
F,117,THR,20.334800397191092,0.14462873682212726,16.223284994102602,0.21790846197585764,4.11151540308849,0.062154427862259866,13.57509831631501,0.13762265121973855,6.759702080876084,0.16109871498751394,T
F,118,GLN,110.27711523773436,0.6166589232105036,45.53914480567005,0.969330455633675,64.73797043206432,0.49099712121398803,100.14912317738543,0.7319237241641849,10.127992060348916,0.24114266810354562,Q
F,119,VAL,0.0,0.0,0.0,0.0,0.0,0.0,0.0,0.0,0.0,0.0,V
F,120,THR,43.69754319213572,0.3107933370706666,36.50239123673086,0.49029403944567973,7.195151955404858,0.10877024875895476,43.69754319213572,0.44300023511897524,0.0,0.0,T
F,121,VAL,6.995296397154091,0.04603077184414089,0.0,0.0,6.995296397154091,0.18972867906574697,0.0,0.0,6.995296397154091,0.16856135896756844,V
F,122,SER,55.11130116100463,0.46570306879334655,38.77944272479397,0.8257973322997011,16.331858436210666,0.2288016031971234,39.37335453276981,0.5254684977014521,15.737946628234823,0.3625419633318319,S
F,123,SER,145.4373678273692,1.2289789405726652,52.29884688654614,1.1136892437509824,93.13852094082306,1.304826575242688,84.43294150305468,1.1268242560130077,61.00442632431451,1.4053081392378373,S
